{
"meta":{"test_sets":[],"test_metrics":[],"learn_metrics":[{"best_value":"Min","name":"MultiClass"}],"launch_mode":"Train","parameters":"","iteration_count":100,"learn_sets":["learn"],"name":"experiment"},
"iterations":[
{"learn":[2.745863817],"iteration":0,"passed_time":0.128558949,"remaining_time":12.72733595},
{"learn":[2.718679092],"iteration":1,"passed_time":0.1299892408,"remaining_time":6.369472801},
{"learn":[2.69577311],"iteration":2,"passed_time":0.1308494416,"remaining_time":4.230798613},
{"learn":[2.669226332],"iteration":3,"passed_time":0.1319674513,"remaining_time":3.167218832},
{"learn":[2.653095894],"iteration":4,"passed_time":0.132604647,"remaining_time":2.519488293},
{"learn":[2.632688631],"iteration":5,"passed_time":0.1336727433,"remaining_time":2.094206311},
{"learn":[2.606249761],"iteration":6,"passed_time":0.1348094925,"remaining_time":1.7910404},
{"learn":[2.583191341],"iteration":7,"passed_time":0.1356635528,"remaining_time":1.560130858},
{"learn":[2.558127738],"iteration":8,"passed_time":0.1365012573,"remaining_time":1.380179379},
{"learn":[2.538870917],"iteration":9,"passed_time":0.1371791235,"remaining_time":1.234612111},
{"learn":[2.517459722],"iteration":10,"passed_time":0.1381817028,"remaining_time":1.118015596},
{"learn":[2.498582166],"iteration":11,"passed_time":0.138977489,"remaining_time":1.019168253},
{"learn":[2.476856157],"iteration":12,"passed_time":0.1399483562,"remaining_time":0.9365774605},
{"learn":[2.454550378],"iteration":13,"passed_time":0.1405824958,"remaining_time":0.8635781885},
{"learn":[2.429903184],"iteration":14,"passed_time":0.1411250193,"remaining_time":0.7997084425},
{"learn":[2.404763051],"iteration":15,"passed_time":0.1416751596,"remaining_time":0.7437945877},
{"learn":[2.381096148],"iteration":16,"passed_time":0.1422546233,"remaining_time":0.6945372783},
{"learn":[2.357529684],"iteration":17,"passed_time":0.1427690601,"remaining_time":0.650392385},
{"learn":[2.334156027],"iteration":18,"passed_time":0.1433227309,"remaining_time":0.6110074318},
{"learn":[2.313066841],"iteration":19,"passed_time":0.1438693445,"remaining_time":0.5754773781},
{"learn":[2.289403627],"iteration":20,"passed_time":0.1443836261,"remaining_time":0.5431574505},
{"learn":[2.266452094],"iteration":21,"passed_time":0.1448890142,"remaining_time":0.513697414},
{"learn":[2.246183527],"iteration":22,"passed_time":0.145418698,"remaining_time":0.4868365108},
{"learn":[2.222935701],"iteration":23,"passed_time":0.1459941341,"remaining_time":0.4623147579},
{"learn":[2.200971635],"iteration":24,"passed_time":0.1465662058,"remaining_time":0.4396986175},
{"learn":[2.183652721],"iteration":25,"passed_time":0.1469576022,"remaining_time":0.4182639447},
{"learn":[2.162723931],"iteration":26,"passed_time":0.1474555193,"remaining_time":0.3986760337},
{"learn":[2.141351959],"iteration":27,"passed_time":0.1479537731,"remaining_time":0.3804525594},
{"learn":[2.119596571],"iteration":28,"passed_time":0.1484858657,"remaining_time":0.3635343607},
{"learn":[2.098381265],"iteration":29,"passed_time":0.1490412884,"remaining_time":0.3477630063},
{"learn":[2.076368578],"iteration":30,"passed_time":0.1496806291,"remaining_time":0.3331601098},
{"learn":[2.055625588],"iteration":31,"passed_time":0.150348919,"remaining_time":0.3194914529},
{"learn":[2.035179202],"iteration":32,"passed_time":0.1508616087,"remaining_time":0.3062947812},
{"learn":[2.013133304],"iteration":33,"passed_time":0.1513514979,"remaining_time":0.2937999666},
{"learn":[1.991291777],"iteration":34,"passed_time":0.1518448855,"remaining_time":0.2819976445},
{"learn":[1.972191223],"iteration":35,"passed_time":0.1522861275,"remaining_time":0.2707308934},
{"learn":[1.953273157],"iteration":36,"passed_time":0.1527711416,"remaining_time":0.2601238356},
{"learn":[1.934064312],"iteration":37,"passed_time":0.1532134603,"remaining_time":0.2499798563},
{"learn":[1.912827854],"iteration":38,"passed_time":0.1538092586,"remaining_time":0.2405734558},
{"learn":[1.902937723],"iteration":39,"passed_time":0.1541928525,"remaining_time":0.2312892788},
{"learn":[1.883317092],"iteration":40,"passed_time":0.1546947031,"remaining_time":0.2226094508},
{"learn":[1.862509835],"iteration":41,"passed_time":0.155223142,"remaining_time":0.2143557676},
{"learn":[1.842279304],"iteration":42,"passed_time":0.1558133657,"remaining_time":0.2065432988},
{"learn":[1.822116596],"iteration":43,"passed_time":0.1563224108,"remaining_time":0.1989557955},
{"learn":[1.801750087],"iteration":44,"passed_time":0.1568043778,"remaining_time":0.1916497951},
{"learn":[1.783003803],"iteration":45,"passed_time":0.157307227,"remaining_time":0.1846650056},
{"learn":[1.766737017],"iteration":46,"passed_time":0.1577687384,"remaining_time":0.1779094285},
{"learn":[1.748471393],"iteration":47,"passed_time":0.1582528694,"remaining_time":0.1714406085},
{"learn":[1.729379525],"iteration":48,"passed_time":0.1587141853,"remaining_time":0.1651923153},
{"learn":[1.711374993],"iteration":49,"passed_time":0.159146533,"remaining_time":0.159146533},
{"learn":[1.693300064],"iteration":50,"passed_time":0.1596015834,"remaining_time":0.1533426978},
{"learn":[1.675235506],"iteration":51,"passed_time":0.1600507889,"remaining_time":0.1477391898},
{"learn":[1.65766934],"iteration":52,"passed_time":0.1605091274,"remaining_time":0.1423382828},
{"learn":[1.639674292],"iteration":53,"passed_time":0.1609519879,"remaining_time":0.137107249},
{"learn":[1.624892297],"iteration":54,"passed_time":0.1614761412,"remaining_time":0.1321168428},
{"learn":[1.607475693],"iteration":55,"passed_time":0.1619705951,"remaining_time":0.1272626104},
{"learn":[1.589937104],"iteration":56,"passed_time":0.1628381186,"remaining_time":0.1228427913},
{"learn":[1.572655943],"iteration":57,"passed_time":0.1634675279,"remaining_time":0.1183730375},
{"learn":[1.555550601],"iteration":58,"passed_time":0.1640743523,"remaining_time":0.1140177703},
{"learn":[1.538479456],"iteration":59,"passed_time":0.1646250552,"remaining_time":0.1097500368},
{"learn":[1.521607373],"iteration":60,"passed_time":0.1651981715,"remaining_time":0.1056185031},
{"learn":[1.505471558],"iteration":61,"passed_time":0.1657283335,"remaining_time":0.1015754302},
{"learn":[1.489237196],"iteration":62,"passed_time":0.1662958682,"remaining_time":0.09766582733},
{"learn":[1.473283048],"iteration":63,"passed_time":0.1668601304,"remaining_time":0.09385882333},
{"learn":[1.457553601],"iteration":64,"passed_time":0.1673787881,"remaining_time":0.09012703973},
{"learn":[1.441375748],"iteration":65,"passed_time":0.1678631487,"remaining_time":0.08647495538},
{"learn":[1.425522263],"iteration":66,"passed_time":0.1682993914,"remaining_time":0.0828937301},
{"learn":[1.410456913],"iteration":67,"passed_time":0.1687478743,"remaining_time":0.07941076439},
{"learn":[1.395905478],"iteration":68,"passed_time":0.1692798163,"remaining_time":0.0760532508},
{"learn":[1.380564575],"iteration":69,"passed_time":0.1698281601,"remaining_time":0.07278349719},
{"learn":[1.36572307],"iteration":70,"passed_time":0.1702678216,"remaining_time":0.06954601163},
{"learn":[1.351007528],"iteration":71,"passed_time":0.1708463894,"remaining_time":0.06644026255},
{"learn":[1.336960432],"iteration":72,"passed_time":0.1713400473,"remaining_time":0.06337234627},
{"learn":[1.322215496],"iteration":73,"passed_time":0.1718309504,"remaining_time":0.06037303662},
{"learn":[1.310030457],"iteration":74,"passed_time":0.1723076468,"remaining_time":0.05743588226},
{"learn":[1.296753547],"iteration":75,"passed_time":0.1728587445,"remaining_time":0.05458697195},
{"learn":[1.283550168],"iteration":76,"passed_time":0.1733991121,"remaining_time":0.05179453998},
{"learn":[1.269769006],"iteration":77,"passed_time":0.1739032918,"remaining_time":0.04904964642},
{"learn":[1.256754518],"iteration":78,"passed_time":0.1744728881,"remaining_time":0.04637886899},
{"learn":[1.243467261],"iteration":79,"passed_time":0.1750721709,"remaining_time":0.04376804274},
{"learn":[1.230570037],"iteration":80,"passed_time":0.1755436,"remaining_time":0.04117689384},
{"learn":[1.217738666],"iteration":81,"passed_time":0.1760656017,"remaining_time":0.03864854671},
{"learn":[1.204886237],"iteration":82,"passed_time":0.1765726509,"remaining_time":0.03616548271},
{"learn":[1.192161712],"iteration":83,"passed_time":0.1770413251,"remaining_time":0.03372215716},
{"learn":[1.179664164],"iteration":84,"passed_time":0.1774883401,"remaining_time":0.03132147179},
{"learn":[1.16721485],"iteration":85,"passed_time":0.1780317751,"remaining_time":0.02898191688},
{"learn":[1.155379458],"iteration":86,"passed_time":0.1785283214,"remaining_time":0.02667664573},
{"learn":[1.143437259],"iteration":87,"passed_time":0.1790598226,"remaining_time":0.02441724853},
{"learn":[1.131367896],"iteration":88,"passed_time":0.1796466446,"remaining_time":0.02220351787},
{"learn":[1.119717151],"iteration":89,"passed_time":0.1801714617,"remaining_time":0.0200190513},
{"learn":[1.108577335],"iteration":90,"passed_time":0.1806367096,"remaining_time":0.01786516908},
{"learn":[1.097190644],"iteration":91,"passed_time":0.1811972524,"remaining_time":0.01575628282},
{"learn":[1.086523959],"iteration":92,"passed_time":0.1817815516,"remaining_time":0.01368248238},
{"learn":[1.076620699],"iteration":93,"passed_time":0.1823735391,"remaining_time":0.0116408642},
{"learn":[1.065586482],"iteration":94,"passed_time":0.1832887813,"remaining_time":0.009646777966},
{"learn":[1.054609575],"iteration":95,"passed_time":0.1838271398,"remaining_time":0.00765946416},
{"learn":[1.045763849],"iteration":96,"passed_time":0.1843603806,"remaining_time":0.005701867442},
{"learn":[1.035642326],"iteration":97,"passed_time":0.184905345,"remaining_time":0.00377357847},
{"learn":[1.025031592],"iteration":98,"passed_time":0.1856703561,"remaining_time":0.001875458142},
{"learn":[1.015034971],"iteration":99,"passed_time":0.1863285419,"remaining_time":0}
]}